node_id,node_type,label
artifact_folly,artifact,Albrun's Folly
artifact_glory,artifact,Unala's Glory
artifact_iris,artifact,IRIS
file:_local/auto_transcripts/caravan tales session 1.txt,auto_transcripts,_local/auto_transcripts/caravan tales session 1.txt
file:_local/auto_transcripts/caravan tales session 2.txt,auto_transcripts,_local/auto_transcripts/caravan tales session 2.txt
file:_local/auto_transcripts/iwtc session 000.txt,auto_transcripts,_local/auto_transcripts/iwtc session 000.txt
file:_local/auto_transcripts/iwtc session 001.5.txt,auto_transcripts,_local/auto_transcripts/iwtc session 001.5.txt
file:_local/auto_transcripts/iwtc session 001.txt,auto_transcripts,_local/auto_transcripts/iwtc session 001.txt
file:_local/auto_transcripts/iwtc session 002.txt,auto_transcripts,_local/auto_transcripts/iwtc session 002.txt
file:_local/auto_transcripts/iwtc session 003.txt,auto_transcripts,_local/auto_transcripts/iwtc session 003.txt
file:_local/auto_transcripts/iwtc session 007.txt,auto_transcripts,_local/auto_transcripts/iwtc session 007.txt
file:_local/auto_transcripts/iwtc session 008.txt,auto_transcripts,_local/auto_transcripts/iwtc session 008.txt
file:_local/auto_transcripts/iwtc session 010.txt,auto_transcripts,_local/auto_transcripts/iwtc session 010.txt
file:_local/auto_transcripts/iwtc session 011.txt,auto_transcripts,_local/auto_transcripts/iwtc session 011.txt
file:_local/auto_transcripts/iwtc session 012.txt,auto_transcripts,_local/auto_transcripts/iwtc session 012.txt
file:_local/auto_transcripts/iwtc session 013.txt,auto_transcripts,_local/auto_transcripts/iwtc session 013.txt
file:_local/auto_transcripts/iwtc session 015.txt,auto_transcripts,_local/auto_transcripts/iwtc session 015.txt
file:_local/auto_transcripts/iwtc session 017.txt,auto_transcripts,_local/auto_transcripts/iwtc session 017.txt
file:_local/auto_transcripts/iwtc session 018.txt,auto_transcripts,_local/auto_transcripts/iwtc session 018.txt
file:_local/auto_transcripts/iwtc session 019.txt,auto_transcripts,_local/auto_transcripts/iwtc session 019.txt
file:_local/auto_transcripts/iwtc session 020.txt,auto_transcripts,_local/auto_transcripts/iwtc session 020.txt
file:_local/auto_transcripts/iwtc session 021.txt,auto_transcripts,_local/auto_transcripts/iwtc session 021.txt
file:_local/auto_transcripts/iwtc session 022.txt,auto_transcripts,_local/auto_transcripts/iwtc session 022.txt
file:_local/auto_transcripts/iwtc session 023.txt,auto_transcripts,_local/auto_transcripts/iwtc session 023.txt
file:_local/auto_transcripts/iwtc session 025.txt,auto_transcripts,_local/auto_transcripts/iwtc session 025.txt
file:_local/auto_transcripts/iwtc session 028.1.txt,auto_transcripts,_local/auto_transcripts/iwtc session 028.1.txt
file:_local/auto_transcripts/iwtc session 028.2.txt,auto_transcripts,_local/auto_transcripts/iwtc session 028.2.txt
file:_local/auto_transcripts/iwtc session 030.txt,auto_transcripts,_local/auto_transcripts/iwtc session 030.txt
file:_local/auto_transcripts/iwtc session 031.txt,auto_transcripts,_local/auto_transcripts/iwtc session 031.txt
file:_local/auto_transcripts/iwtc session 032.5.txt,auto_transcripts,_local/auto_transcripts/iwtc session 032.5.txt
file:_local/auto_transcripts/iwtc session 032.txt,auto_transcripts,_local/auto_transcripts/iwtc session 032.txt
file:_local/auto_transcripts/iwtc session 033.txt,auto_transcripts,_local/auto_transcripts/iwtc session 033.txt
file:_local/auto_transcripts/iwtc session 034.txt,auto_transcripts,_local/auto_transcripts/iwtc session 034.txt
file:_local/auto_transcripts/iwtc session 035.txt,auto_transcripts,_local/auto_transcripts/iwtc session 035.txt
file:_local/auto_transcripts/iwtc session 036.1.txt,auto_transcripts,_local/auto_transcripts/iwtc session 036.1.txt
file:_local/auto_transcripts/iwtc session 036.2.txt,auto_transcripts,_local/auto_transcripts/iwtc session 036.2.txt
file:_local/auto_transcripts/iwtc session 038.txt,auto_transcripts,_local/auto_transcripts/iwtc session 038.txt
file:_local/auto_transcripts/iwtc session 039.txt,auto_transcripts,_local/auto_transcripts/iwtc session 039.txt
file:_local/auto_transcripts/iwtc session 040.txt,auto_transcripts,_local/auto_transcripts/iwtc session 040.txt
file:_local/auto_transcripts/iwtc session 041.txt,auto_transcripts,_local/auto_transcripts/iwtc session 041.txt
file:_local/auto_transcripts/iwtc session 042.txt,auto_transcripts,_local/auto_transcripts/iwtc session 042.txt
file:_local/auto_transcripts/iwtc session 043.txt,auto_transcripts,_local/auto_transcripts/iwtc session 043.txt
file:_local/auto_transcripts/iwtc session 044.txt,auto_transcripts,_local/auto_transcripts/iwtc session 044.txt
file:_local/auto_transcripts/iwtc session 045.txt,auto_transcripts,_local/auto_transcripts/iwtc session 045.txt
file:_local/auto_transcripts/iwtc session 046.txt,auto_transcripts,_local/auto_transcripts/iwtc session 046.txt
file:_local/auto_transcripts/iwtc session 047.txt,auto_transcripts,_local/auto_transcripts/iwtc session 047.txt
file:_local/auto_transcripts/iwtc session 048.txt,auto_transcripts,_local/auto_transcripts/iwtc session 048.txt
file:_local/auto_transcripts/iwtc session 049.txt,auto_transcripts,_local/auto_transcripts/iwtc session 049.txt
file:_local/auto_transcripts/iwtc session 050.txt,auto_transcripts,_local/auto_transcripts/iwtc session 050.txt
file:_local/auto_transcripts/iwtc session 051.txt,auto_transcripts,_local/auto_transcripts/iwtc session 051.txt
file:_local/auto_transcripts/iwtc session 052.txt,auto_transcripts,_local/auto_transcripts/iwtc session 052.txt
file:_local/auto_transcripts/iwtc session 054.txt,auto_transcripts,_local/auto_transcripts/iwtc session 054.txt
file:_local/auto_transcripts/iwtc session 055.txt,auto_transcripts,_local/auto_transcripts/iwtc session 055.txt
file:_local/auto_transcripts/iwtc session 056.txt,auto_transcripts,_local/auto_transcripts/iwtc session 056.txt
file:_local/auto_transcripts/iwtc session 057.txt,auto_transcripts,_local/auto_transcripts/iwtc session 057.txt
file:_local/auto_transcripts/iwtc session 058c.txt,auto_transcripts,_local/auto_transcripts/iwtc session 058c.txt
file:_local/auto_transcripts/iwtc session 059.5.txt,auto_transcripts,_local/auto_transcripts/iwtc session 059.5.txt
file:_local/auto_transcripts/iwtc session 059.txt,auto_transcripts,_local/auto_transcripts/iwtc session 059.txt
file:_local/auto_transcripts/iwtc session 060.txt,auto_transcripts,_local/auto_transcripts/iwtc session 060.txt
file:_local/auto_transcripts/iwtc session 061.txt,auto_transcripts,_local/auto_transcripts/iwtc session 061.txt
file:_local/auto_transcripts/iwtc session 062.txt,auto_transcripts,_local/auto_transcripts/iwtc session 062.txt
file:_local/auto_transcripts/iwtc session 063.txt,auto_transcripts,_local/auto_transcripts/iwtc session 063.txt
file:_local/auto_transcripts/iwtc session 064.txt,auto_transcripts,_local/auto_transcripts/iwtc session 064.txt
file:_local/auto_transcripts/iwtc session 065.txt,auto_transcripts,_local/auto_transcripts/iwtc session 065.txt
file:_local/auto_transcripts/iwtc session 066.txt,auto_transcripts,_local/auto_transcripts/iwtc session 066.txt
file:_local/auto_transcripts/iwtc session 067.txt,auto_transcripts,_local/auto_transcripts/iwtc session 067.txt
file:_local/auto_transcripts/iwtc session 068.txt,auto_transcripts,_local/auto_transcripts/iwtc session 068.txt
file:_local/auto_transcripts/iwtc session 069.txt,auto_transcripts,_local/auto_transcripts/iwtc session 069.txt
file:_local/auto_transcripts/iwtc session 070.txt,auto_transcripts,_local/auto_transcripts/iwtc session 070.txt
file:_local/auto_transcripts/iwtc session 071.txt,auto_transcripts,_local/auto_transcripts/iwtc session 071.txt
file:_local/auto_transcripts/iwtc session 072.txt,auto_transcripts,_local/auto_transcripts/iwtc session 072.txt
file:_local/auto_transcripts/iwtc session 073.txt,auto_transcripts,_local/auto_transcripts/iwtc session 073.txt
file:_local/auto_transcripts/iwtc session 074.txt,auto_transcripts,_local/auto_transcripts/iwtc session 074.txt
file:_local/auto_transcripts/iwtc session 075.txt,auto_transcripts,_local/auto_transcripts/iwtc session 075.txt
file:_local/auto_transcripts/iwtc session 077.txt,auto_transcripts,_local/auto_transcripts/iwtc session 077.txt
file:_local/auto_transcripts/iwtc session 078.txt,auto_transcripts,_local/auto_transcripts/iwtc session 078.txt
file:_local/auto_transcripts/iwtc session 079.txt,auto_transcripts,_local/auto_transcripts/iwtc session 079.txt
file:_local/auto_transcripts/iwtc session 080.txt,auto_transcripts,_local/auto_transcripts/iwtc session 080.txt
file:_local/auto_transcripts/iwtc session 081.txt,auto_transcripts,_local/auto_transcripts/iwtc session 081.txt
file:_local/auto_transcripts/iwtc session 082.txt,auto_transcripts,_local/auto_transcripts/iwtc session 082.txt
file:_local/auto_transcripts/iwtc session 083.txt,auto_transcripts,_local/auto_transcripts/iwtc session 083.txt
file:_local/auto_transcripts/iwtc session 084.txt,auto_transcripts,_local/auto_transcripts/iwtc session 084.txt
file:_local/auto_transcripts/iwtc session 085.txt,auto_transcripts,_local/auto_transcripts/iwtc session 085.txt
file:_local/auto_transcripts/iwtc session 086.txt,auto_transcripts,_local/auto_transcripts/iwtc session 086.txt
file:_local/auto_transcripts/iwtc session 087.txt,auto_transcripts,_local/auto_transcripts/iwtc session 087.txt
file:_local/auto_transcripts/iwtc session 088.txt,auto_transcripts,_local/auto_transcripts/iwtc session 088.txt
file:_local/auto_transcripts/iwtc session 089.txt,auto_transcripts,_local/auto_transcripts/iwtc session 089.txt
file:_local/auto_transcripts/iwtc session 090.txt,auto_transcripts,_local/auto_transcripts/iwtc session 090.txt
file:_local/auto_transcripts/iwtc session 091.txt,auto_transcripts,_local/auto_transcripts/iwtc session 091.txt
file:_local/auto_transcripts/iwtc session 092.txt,auto_transcripts,_local/auto_transcripts/iwtc session 092.txt
file:_local/auto_transcripts/iwtc session 093.txt,auto_transcripts,_local/auto_transcripts/iwtc session 093.txt
file:_local/auto_transcripts/iwtc session 094.txt,auto_transcripts,_local/auto_transcripts/iwtc session 094.txt
file:_local/auto_transcripts/iwtc session 095.txt,auto_transcripts,_local/auto_transcripts/iwtc session 095.txt
file:_local/auto_transcripts/iwtc session 096.txt,auto_transcripts,_local/auto_transcripts/iwtc session 096.txt
file:_local/auto_transcripts/iwtc session 097.txt,auto_transcripts,_local/auto_transcripts/iwtc session 097.txt
file:_local/auto_transcripts/iwtc session 098.txt,auto_transcripts,_local/auto_transcripts/iwtc session 098.txt
file:_local/auto_transcripts/iwtc session 099.txt,auto_transcripts,_local/auto_transcripts/iwtc session 099.txt
file:_local/auto_transcripts/iwtc session 101.txt,auto_transcripts,_local/auto_transcripts/iwtc session 101.txt
file:_local/auto_transcripts/iwtc session 102.txt,auto_transcripts,_local/auto_transcripts/iwtc session 102.txt
file:_local/auto_transcripts/iwtc session 103.txt,auto_transcripts,_local/auto_transcripts/iwtc session 103.txt
file:_local/auto_transcripts/iwtc session 104.txt,auto_transcripts,_local/auto_transcripts/iwtc session 104.txt
file:_local/auto_transcripts/iwtc session 105.txt,auto_transcripts,_local/auto_transcripts/iwtc session 105.txt
file:_local/auto_transcripts/iwtc session 106.txt,auto_transcripts,_local/auto_transcripts/iwtc session 106.txt
file:_local/auto_transcripts/iwtc session 107.txt,auto_transcripts,_local/auto_transcripts/iwtc session 107.txt
file:_local/auto_transcripts/iwtc session 108.txt,auto_transcripts,_local/auto_transcripts/iwtc session 108.txt
file:_local/auto_transcripts/iwtc session 109.txt,auto_transcripts,_local/auto_transcripts/iwtc session 109.txt
file:_local/auto_transcripts/iwtc session 110.txt,auto_transcripts,_local/auto_transcripts/iwtc session 110.txt
file:_local/auto_transcripts/iwtc session 111.txt,auto_transcripts,_local/auto_transcripts/iwtc session 111.txt
chunk_168646,chunk,chunk_168646
chunk_168647,chunk,chunk_168647
chunk_168648,chunk,chunk_168648
chunk_168649,chunk,chunk_168649
chunk_168650,chunk,chunk_168650
chunk_168651,chunk,chunk_168651
chunk_168653,chunk,chunk_168653
chunk_168654,chunk,chunk_168654
chunk_168655,chunk,chunk_168655
chunk_168656,chunk,chunk_168656
chunk_168657,chunk,chunk_168657
chunk_168658,chunk,chunk_168658
chunk_168660,chunk,chunk_168660
chunk_168661,chunk,chunk_168661
chunk_168662,chunk,chunk_168662
chunk_168663,chunk,chunk_168663
chunk_168664,chunk,chunk_168664
chunk_168665,chunk,chunk_168665
chunk_168666,chunk,chunk_168666
chunk_168671,chunk,chunk_168671
chunk_168672,chunk,chunk_168672
chunk_168673,chunk,chunk_168673
chunk_168675,chunk,chunk_168675
chunk_168676,chunk,chunk_168676
chunk_168677,chunk,chunk_168677
chunk_168678,chunk,chunk_168678
chunk_168680,chunk,chunk_168680
chunk_168682,chunk,chunk_168682
chunk_168683,chunk,chunk_168683
chunk_168684,chunk,chunk_168684
chunk_168686,chunk,chunk_168686
chunk_168687,chunk,chunk_168687
chunk_168688,chunk,chunk_168688
chunk_168689,chunk,chunk_168689
chunk_168690,chunk,chunk_168690
chunk_168691,chunk,chunk_168691
chunk_168692,chunk,chunk_168692
chunk_168693,chunk,chunk_168693
chunk_168694,chunk,chunk_168694
chunk_168695,chunk,chunk_168695
chunk_168696,chunk,chunk_168696
chunk_168697,chunk,chunk_168697
chunk_168698,chunk,chunk_168698
chunk_168700,chunk,chunk_168700
chunk_168704,chunk,chunk_168704
chunk_168705,chunk,chunk_168705
chunk_168706,chunk,chunk_168706
chunk_168707,chunk,chunk_168707
chunk_168710,chunk,chunk_168710
chunk_168711,chunk,chunk_168711
chunk_168712,chunk,chunk_168712
chunk_168713,chunk,chunk_168713
chunk_168715,chunk,chunk_168715
chunk_168717,chunk,chunk_168717
chunk_168718,chunk,chunk_168718
chunk_168719,chunk,chunk_168719
chunk_168720,chunk,chunk_168720
chunk_168722,chunk,chunk_168722
chunk_168724,chunk,chunk_168724
chunk_168725,chunk,chunk_168725
chunk_168729,chunk,chunk_168729
chunk_168730,chunk,chunk_168730
chunk_168733,chunk,chunk_168733
chunk_168734,chunk,chunk_168734
chunk_168736,chunk,chunk_168736
chunk_168739,chunk,chunk_168739
chunk_168740,chunk,chunk_168740
chunk_168741,chunk,chunk_168741
chunk_168742,chunk,chunk_168742
chunk_168743,chunk,chunk_168743
chunk_168744,chunk,chunk_168744
chunk_168746,chunk,chunk_168746
chunk_168747,chunk,chunk_168747
chunk_168748,chunk,chunk_168748
chunk_168749,chunk,chunk_168749
chunk_168750,chunk,chunk_168750
chunk_168751,chunk,chunk_168751
chunk_168752,chunk,chunk_168752
chunk_168754,chunk,chunk_168754
chunk_168755,chunk,chunk_168755
chunk_168756,chunk,chunk_168756
chunk_168758,chunk,chunk_168758
chunk_168759,chunk,chunk_168759
chunk_168760,chunk,chunk_168760
chunk_168761,chunk,chunk_168761
chunk_168762,chunk,chunk_168762
chunk_168763,chunk,chunk_168763
chunk_168764,chunk,chunk_168764
chunk_168765,chunk,chunk_168765
chunk_168766,chunk,chunk_168766
chunk_168767,chunk,chunk_168767
chunk_168768,chunk,chunk_168768
chunk_168769,chunk,chunk_168769
chunk_168770,chunk,chunk_168770
chunk_168771,chunk,chunk_168771
chunk_168772,chunk,chunk_168772
chunk_168773,chunk,chunk_168773
chunk_168774,chunk,chunk_168774
chunk_168777,chunk,chunk_168777
chunk_168779,chunk,chunk_168779
chunk_168782,chunk,chunk_168782
chunk_168783,chunk,chunk_168783
chunk_168784,chunk,chunk_168784
chunk_168786,chunk,chunk_168786
chunk_168788,chunk,chunk_168788
chunk_168789,chunk,chunk_168789
chunk_168791,chunk,chunk_168791
chunk_168792,chunk,chunk_168792
chunk_168793,chunk,chunk_168793
chunk_168794,chunk,chunk_168794
chunk_168795,chunk,chunk_168795
chunk_168796,chunk,chunk_168796
chunk_168797,chunk,chunk_168797
chunk_168800,chunk,chunk_168800
chunk_168804,chunk,chunk_168804
chunk_168805,chunk,chunk_168805
chunk_168808,chunk,chunk_168808
chunk_168810,chunk,chunk_168810
chunk_168811,chunk,chunk_168811
chunk_168812,chunk,chunk_168812
chunk_168813,chunk,chunk_168813
chunk_168814,chunk,chunk_168814
chunk_168815,chunk,chunk_168815
chunk_168816,chunk,chunk_168816
chunk_168817,chunk,chunk_168817
chunk_168818,chunk,chunk_168818
chunk_168819,chunk,chunk_168819
chunk_168820,chunk,chunk_168820
chunk_168821,chunk,chunk_168821
chunk_168822,chunk,chunk_168822
chunk_168823,chunk,chunk_168823
chunk_168824,chunk,chunk_168824
chunk_168825,chunk,chunk_168825
chunk_168826,chunk,chunk_168826
chunk_168827,chunk,chunk_168827
chunk_168828,chunk,chunk_168828
chunk_168829,chunk,chunk_168829
chunk_168831,chunk,chunk_168831
chunk_168832,chunk,chunk_168832
chunk_168833,chunk,chunk_168833
chunk_168834,chunk,chunk_168834
chunk_168835,chunk,chunk_168835
chunk_168836,chunk,chunk_168836
chunk_168837,chunk,chunk_168837
chunk_168839,chunk,chunk_168839
chunk_168840,chunk,chunk_168840
chunk_168841,chunk,chunk_168841
chunk_168842,chunk,chunk_168842
chunk_168843,chunk,chunk_168843
chunk_168844,chunk,chunk_168844
chunk_168845,chunk,chunk_168845
chunk_168847,chunk,chunk_168847
chunk_168848,chunk,chunk_168848
chunk_168851,chunk,chunk_168851
chunk_168852,chunk,chunk_168852
chunk_168853,chunk,chunk_168853
chunk_168855,chunk,chunk_168855
chunk_168856,chunk,chunk_168856
chunk_168857,chunk,chunk_168857
chunk_168858,chunk,chunk_168858
chunk_168861,chunk,chunk_168861
chunk_168862,chunk,chunk_168862
chunk_168864,chunk,chunk_168864
chunk_168865,chunk,chunk_168865
chunk_168867,chunk,chunk_168867
chunk_168868,chunk,chunk_168868
chunk_168869,chunk,chunk_168869
chunk_168870,chunk,chunk_168870
chunk_168874,chunk,chunk_168874
chunk_168875,chunk,chunk_168875
chunk_168876,chunk,chunk_168876
chunk_168878,chunk,chunk_168878
chunk_168880,chunk,chunk_168880
chunk_168881,chunk,chunk_168881
chunk_168882,chunk,chunk_168882
chunk_168883,chunk,chunk_168883
chunk_168884,chunk,chunk_168884
chunk_168885,chunk,chunk_168885
chunk_168886,chunk,chunk_168886
chunk_168888,chunk,chunk_168888
chunk_168889,chunk,chunk_168889
chunk_168890,chunk,chunk_168890
chunk_168891,chunk,chunk_168891
chunk_168892,chunk,chunk_168892
chunk_168893,chunk,chunk_168893
chunk_168895,chunk,chunk_168895
chunk_168897,chunk,chunk_168897
chunk_168898,chunk,chunk_168898
chunk_168899,chunk,chunk_168899
chunk_168900,chunk,chunk_168900
chunk_168901,chunk,chunk_168901
chunk_168902,chunk,chunk_168902
chunk_168903,chunk,chunk_168903
chunk_168904,chunk,chunk_168904
chunk_168905,chunk,chunk_168905
chunk_168906,chunk,chunk_168906
chunk_168907,chunk,chunk_168907
chunk_168909,chunk,chunk_168909
chunk_168910,chunk,chunk_168910
chunk_168914,chunk,chunk_168914
chunk_168915,chunk,chunk_168915
chunk_168916,chunk,chunk_168916
chunk_168917,chunk,chunk_168917
chunk_168919,chunk,chunk_168919
chunk_168924,chunk,chunk_168924
chunk_168929,chunk,chunk_168929
chunk_168930,chunk,chunk_168930
chunk_168931,chunk,chunk_168931
chunk_168932,chunk,chunk_168932
chunk_168933,chunk,chunk_168933
chunk_168934,chunk,chunk_168934
chunk_168935,chunk,chunk_168935
chunk_168936,chunk,chunk_168936
chunk_168937,chunk,chunk_168937
chunk_168938,chunk,chunk_168938
chunk_168939,chunk,chunk_168939
chunk_168940,chunk,chunk_168940
chunk_168941,chunk,chunk_168941
chunk_168942,chunk,chunk_168942
chunk_168943,chunk,chunk_168943
chunk_168944,chunk,chunk_168944
chunk_168945,chunk,chunk_168945
chunk_168946,chunk,chunk_168946
chunk_168947,chunk,chunk_168947
chunk_168948,chunk,chunk_168948
chunk_168949,chunk,chunk_168949
chunk_168950,chunk,chunk_168950
chunk_168952,chunk,chunk_168952
chunk_168953,chunk,chunk_168953
chunk_168954,chunk,chunk_168954
chunk_168955,chunk,chunk_168955
chunk_168956,chunk,chunk_168956
chunk_168957,chunk,chunk_168957
chunk_168958,chunk,chunk_168958
chunk_168959,chunk,chunk_168959
chunk_168960,chunk,chunk_168960
chunk_168961,chunk,chunk_168961
chunk_168962,chunk,chunk_168962
chunk_168963,chunk,chunk_168963
chunk_168964,chunk,chunk_168964
chunk_168965,chunk,chunk_168965
chunk_168966,chunk,chunk_168966
chunk_168967,chunk,chunk_168967
chunk_168968,chunk,chunk_168968
chunk_168969,chunk,chunk_168969
chunk_168970,chunk,chunk_168970
chunk_168971,chunk,chunk_168971
chunk_168972,chunk,chunk_168972
chunk_168973,chunk,chunk_168973
chunk_168974,chunk,chunk_168974
chunk_168975,chunk,chunk_168975
chunk_168978,chunk,chunk_168978
chunk_168980,chunk,chunk_168980
chunk_168981,chunk,chunk_168981
chunk_168982,chunk,chunk_168982
chunk_168983,chunk,chunk_168983
chunk_168984,chunk,chunk_168984
chunk_168985,chunk,chunk_168985
chunk_168986,chunk,chunk_168986
chunk_168988,chunk,chunk_168988
chunk_168989,chunk,chunk_168989
chunk_168990,chunk,chunk_168990
chunk_168992,chunk,chunk_168992
chunk_168994,chunk,chunk_168994
chunk_168996,chunk,chunk_168996
chunk_168997,chunk,chunk_168997
chunk_168998,chunk,chunk_168998
chunk_169000,chunk,chunk_169000
chunk_169002,chunk,chunk_169002
chunk_169003,chunk,chunk_169003
chunk_169004,chunk,chunk_169004
chunk_169005,chunk,chunk_169005
chunk_169006,chunk,chunk_169006
chunk_169007,chunk,chunk_169007
chunk_169008,chunk,chunk_169008
chunk_169010,chunk,chunk_169010
chunk_169011,chunk,chunk_169011
chunk_169013,chunk,chunk_169013
chunk_169014,chunk,chunk_169014
chunk_169015,chunk,chunk_169015
chunk_169016,chunk,chunk_169016
chunk_169017,chunk,chunk_169017
chunk_169018,chunk,chunk_169018
chunk_169020,chunk,chunk_169020
chunk_169021,chunk,chunk_169021
chunk_169023,chunk,chunk_169023
chunk_169024,chunk,chunk_169024
chunk_169025,chunk,chunk_169025
chunk_169026,chunk,chunk_169026
chunk_169027,chunk,chunk_169027
chunk_169028,chunk,chunk_169028
chunk_169029,chunk,chunk_169029
chunk_169030,chunk,chunk_169030
chunk_169031,chunk,chunk_169031
chunk_169032,chunk,chunk_169032
chunk_169033,chunk,chunk_169033
chunk_169034,chunk,chunk_169034
chunk_169035,chunk,chunk_169035
chunk_169037,chunk,chunk_169037
chunk_169038,chunk,chunk_169038
chunk_169040,chunk,chunk_169040
chunk_169042,chunk,chunk_169042
chunk_169043,chunk,chunk_169043
chunk_169044,chunk,chunk_169044
chunk_169045,chunk,chunk_169045
chunk_169046,chunk,chunk_169046
chunk_169047,chunk,chunk_169047
chunk_169049,chunk,chunk_169049
chunk_169050,chunk,chunk_169050
chunk_169051,chunk,chunk_169051
chunk_169052,chunk,chunk_169052
chunk_169053,chunk,chunk_169053
chunk_169054,chunk,chunk_169054
chunk_169055,chunk,chunk_169055
chunk_169056,chunk,chunk_169056
chunk_169057,chunk,chunk_169057
chunk_169058,chunk,chunk_169058
chunk_169059,chunk,chunk_169059
chunk_169060,chunk,chunk_169060
chunk_169061,chunk,chunk_169061
chunk_169062,chunk,chunk_169062
chunk_169063,chunk,chunk_169063
chunk_169064,chunk,chunk_169064
chunk_169066,chunk,chunk_169066
chunk_169067,chunk,chunk_169067
chunk_169068,chunk,chunk_169068
chunk_169069,chunk,chunk_169069
chunk_169070,chunk,chunk_169070
chunk_169071,chunk,chunk_169071
chunk_169072,chunk,chunk_169072
chunk_169073,chunk,chunk_169073
chunk_169074,chunk,chunk_169074
chunk_169076,chunk,chunk_169076
chunk_169077,chunk,chunk_169077
chunk_169078,chunk,chunk_169078
chunk_169079,chunk,chunk_169079
chunk_169080,chunk,chunk_169080
chunk_169081,chunk,chunk_169081
chunk_169082,chunk,chunk_169082
chunk_169083,chunk,chunk_169083
chunk_169084,chunk,chunk_169084
chunk_169085,chunk,chunk_169085
chunk_169086,chunk,chunk_169086
chunk_169087,chunk,chunk_169087
chunk_169089,chunk,chunk_169089
chunk_169090,chunk,chunk_169090
chunk_169092,chunk,chunk_169092
chunk_169093,chunk,chunk_169093
chunk_169096,chunk,chunk_169096
chunk_169097,chunk,chunk_169097
chunk_169098,chunk,chunk_169098
chunk_169099,chunk,chunk_169099
chunk_169100,chunk,chunk_169100
chunk_169101,chunk,chunk_169101
chunk_169102,chunk,chunk_169102
chunk_169103,chunk,chunk_169103
chunk_169104,chunk,chunk_169104
chunk_169105,chunk,chunk_169105
chunk_169106,chunk,chunk_169106
chunk_169107,chunk,chunk_169107
chunk_169108,chunk,chunk_169108
chunk_169109,chunk,chunk_169109
chunk_169110,chunk,chunk_169110
chunk_169111,chunk,chunk_169111
chunk_169112,chunk,chunk_169112
chunk_169113,chunk,chunk_169113
chunk_169114,chunk,chunk_169114
chunk_169115,chunk,chunk_169115
chunk_169116,chunk,chunk_169116
chunk_169117,chunk,chunk_169117
chunk_169118,chunk,chunk_169118
chunk_169119,chunk,chunk_169119
chunk_169120,chunk,chunk_169120
chunk_169121,chunk,chunk_169121
chunk_169122,chunk,chunk_169122
chunk_169123,chunk,chunk_169123
chunk_169124,chunk,chunk_169124
chunk_169125,chunk,chunk_169125
chunk_169127,chunk,chunk_169127
chunk_169128,chunk,chunk_169128
chunk_169129,chunk,chunk_169129
chunk_169130,chunk,chunk_169130
chunk_169131,chunk,chunk_169131
chunk_169132,chunk,chunk_169132
chunk_169134,chunk,chunk_169134
chunk_169137,chunk,chunk_169137
chunk_169139,chunk,chunk_169139
chunk_169140,chunk,chunk_169140
chunk_169141,chunk,chunk_169141
chunk_169144,chunk,chunk_169144
chunk_169145,chunk,chunk_169145
chunk_169146,chunk,chunk_169146
chunk_169148,chunk,chunk_169148
chunk_169149,chunk,chunk_169149
chunk_169150,chunk,chunk_169150
chunk_169151,chunk,chunk_169151
chunk_169152,chunk,chunk_169152
chunk_169154,chunk,chunk_169154
chunk_169155,chunk,chunk_169155
chunk_169156,chunk,chunk_169156
chunk_169157,chunk,chunk_169157
chunk_169158,chunk,chunk_169158
chunk_169160,chunk,chunk_169160
chunk_169162,chunk,chunk_169162
chunk_169163,chunk,chunk_169163
chunk_169164,chunk,chunk_169164
chunk_169165,chunk,chunk_169165
chunk_169170,chunk,chunk_169170
chunk_169171,chunk,chunk_169171
chunk_169173,chunk,chunk_169173
chunk_169174,chunk,chunk_169174
chunk_169176,chunk,chunk_169176
chunk_169181,chunk,chunk_169181
chunk_169182,chunk,chunk_169182
chunk_169183,chunk,chunk_169183
chunk_169184,chunk,chunk_169184
chunk_169185,chunk,chunk_169185
chunk_169186,chunk,chunk_169186
chunk_169187,chunk,chunk_169187
chunk_169188,chunk,chunk_169188
chunk_169189,chunk,chunk_169189
chunk_169190,chunk,chunk_169190
chunk_169191,chunk,chunk_169191
chunk_169192,chunk,chunk_169192
chunk_169194,chunk,chunk_169194
chunk_169195,chunk,chunk_169195
chunk_169196,chunk,chunk_169196
chunk_169197,chunk,chunk_169197
chunk_169198,chunk,chunk_169198
chunk_169199,chunk,chunk_169199
chunk_169200,chunk,chunk_169200
chunk_169201,chunk,chunk_169201
chunk_169202,chunk,chunk_169202
chunk_169203,chunk,chunk_169203
chunk_169204,chunk,chunk_169204
chunk_169205,chunk,chunk_169205
chunk_169206,chunk,chunk_169206
chunk_169207,chunk,chunk_169207
chunk_169208,chunk,chunk_169208
chunk_169209,chunk,chunk_169209
chunk_169210,chunk,chunk_169210
chunk_169211,chunk,chunk_169211
chunk_169212,chunk,chunk_169212
chunk_169213,chunk,chunk_169213
chunk_169214,chunk,chunk_169214
chunk_169215,chunk,chunk_169215
chunk_169216,chunk,chunk_169216
chunk_169217,chunk,chunk_169217
chunk_169218,chunk,chunk_169218
chunk_169219,chunk,chunk_169219
chunk_169220,chunk,chunk_169220
chunk_169221,chunk,chunk_169221
chunk_169222,chunk,chunk_169222
chunk_169223,chunk,chunk_169223
chunk_169225,chunk,chunk_169225
chunk_169227,chunk,chunk_169227
chunk_169229,chunk,chunk_169229
chunk_169231,chunk,chunk_169231
chunk_169232,chunk,chunk_169232
chunk_169233,chunk,chunk_169233
chunk_169234,chunk,chunk_169234
chunk_169235,chunk,chunk_169235
chunk_169236,chunk,chunk_169236
chunk_169237,chunk,chunk_169237
chunk_169238,chunk,chunk_169238
chunk_169239,chunk,chunk_169239
chunk_169240,chunk,chunk_169240
chunk_169241,chunk,chunk_169241
chunk_169242,chunk,chunk_169242
chunk_169244,chunk,chunk_169244
chunk_169246,chunk,chunk_169246
chunk_169249,chunk,chunk_169249
chunk_169251,chunk,chunk_169251
chunk_169252,chunk,chunk_169252
chunk_169253,chunk,chunk_169253
chunk_169254,chunk,chunk_169254
chunk_169255,chunk,chunk_169255
chunk_169256,chunk,chunk_169256
chunk_169258,chunk,chunk_169258
chunk_169259,chunk,chunk_169259
chunk_169260,chunk,chunk_169260
chunk_169261,chunk,chunk_169261
chunk_169263,chunk,chunk_169263
chunk_169264,chunk,chunk_169264
chunk_169265,chunk,chunk_169265
chunk_169267,chunk,chunk_169267
chunk_169268,chunk,chunk_169268
chunk_169269,chunk,chunk_169269
chunk_169270,chunk,chunk_169270
chunk_169271,chunk,chunk_169271
chunk_169272,chunk,chunk_169272
chunk_169273,chunk,chunk_169273
chunk_169274,chunk,chunk_169274
chunk_169275,chunk,chunk_169275
chunk_169277,chunk,chunk_169277
chunk_169282,chunk,chunk_169282
chunk_169284,chunk,chunk_169284
chunk_169285,chunk,chunk_169285
chunk_169287,chunk,chunk_169287
chunk_169288,chunk,chunk_169288
chunk_169289,chunk,chunk_169289
chunk_169290,chunk,chunk_169290
chunk_169291,chunk,chunk_169291
chunk_169293,chunk,chunk_169293
chunk_169294,chunk,chunk_169294
chunk_169295,chunk,chunk_169295
chunk_169296,chunk,chunk_169296
chunk_169297,chunk,chunk_169297
chunk_169298,chunk,chunk_169298
chunk_169299,chunk,chunk_169299
chunk_169300,chunk,chunk_169300
chunk_169302,chunk,chunk_169302
chunk_169303,chunk,chunk_169303
chunk_169305,chunk,chunk_169305
chunk_169306,chunk,chunk_169306
chunk_169307,chunk,chunk_169307
chunk_169308,chunk,chunk_169308
chunk_169309,chunk,chunk_169309
chunk_169310,chunk,chunk_169310
chunk_169311,chunk,chunk_169311
chunk_169312,chunk,chunk_169312
chunk_169313,chunk,chunk_169313
chunk_169314,chunk,chunk_169314
chunk_169315,chunk,chunk_169315
chunk_169316,chunk,chunk_169316
chunk_169317,chunk,chunk_169317
chunk_169318,chunk,chunk_169318
chunk_169319,chunk,chunk_169319
chunk_169320,chunk,chunk_169320
chunk_169321,chunk,chunk_169321
chunk_169322,chunk,chunk_169322
chunk_169323,chunk,chunk_169323
chunk_169327,chunk,chunk_169327
chunk_169328,chunk,chunk_169328
chunk_169329,chunk,chunk_169329
chunk_169330,chunk,chunk_169330
chunk_169332,chunk,chunk_169332
chunk_169333,chunk,chunk_169333
chunk_169335,chunk,chunk_169335
chunk_169336,chunk,chunk_169336
chunk_169337,chunk,chunk_169337
chunk_169338,chunk,chunk_169338
chunk_169339,chunk,chunk_169339
chunk_169342,chunk,chunk_169342
chunk_169343,chunk,chunk_169343
chunk_169344,chunk,chunk_169344
chunk_169346,chunk,chunk_169346
chunk_169347,chunk,chunk_169347
chunk_169349,chunk,chunk_169349
chunk_169350,chunk,chunk_169350
chunk_169351,chunk,chunk_169351
chunk_169352,chunk,chunk_169352
chunk_169353,chunk,chunk_169353
chunk_169354,chunk,chunk_169354
chunk_169355,chunk,chunk_169355
chunk_169356,chunk,chunk_169356
chunk_169358,chunk,chunk_169358
chunk_169361,chunk,chunk_169361
chunk_169362,chunk,chunk_169362
chunk_169364,chunk,chunk_169364
chunk_169366,chunk,chunk_169366
chunk_169369,chunk,chunk_169369
chunk_169370,chunk,chunk_169370
chunk_169372,chunk,chunk_169372
chunk_169374,chunk,chunk_169374
chunk_169376,chunk,chunk_169376
chunk_169377,chunk,chunk_169377
chunk_169378,chunk,chunk_169378
chunk_169379,chunk,chunk_169379
chunk_169380,chunk,chunk_169380
chunk_169381,chunk,chunk_169381
chunk_169382,chunk,chunk_169382
chunk_169383,chunk,chunk_169383
chunk_169384,chunk,chunk_169384
chunk_169385,chunk,chunk_169385
chunk_169386,chunk,chunk_169386
chunk_169387,chunk,chunk_169387
chunk_169388,chunk,chunk_169388
chunk_169389,chunk,chunk_169389
chunk_169390,chunk,chunk_169390
chunk_169391,chunk,chunk_169391
chunk_169392,chunk,chunk_169392
chunk_169394,chunk,chunk_169394
chunk_169395,chunk,chunk_169395
chunk_169396,chunk,chunk_169396
chunk_169397,chunk,chunk_169397
chunk_169398,chunk,chunk_169398
chunk_169399,chunk,chunk_169399
chunk_169400,chunk,chunk_169400
chunk_169401,chunk,chunk_169401
chunk_169402,chunk,chunk_169402
chunk_169404,chunk,chunk_169404
chunk_169405,chunk,chunk_169405
chunk_169407,chunk,chunk_169407
chunk_169408,chunk,chunk_169408
chunk_169409,chunk,chunk_169409
chunk_169410,chunk,chunk_169410
chunk_169412,chunk,chunk_169412
chunk_169413,chunk,chunk_169413
chunk_169414,chunk,chunk_169414
chunk_169415,chunk,chunk_169415
chunk_169421,chunk,chunk_169421
chunk_169423,chunk,chunk_169423
chunk_169424,chunk,chunk_169424
chunk_169425,chunk,chunk_169425
chunk_169426,chunk,chunk_169426
chunk_169427,chunk,chunk_169427
chunk_169428,chunk,chunk_169428
chunk_169429,chunk,chunk_169429
chunk_169430,chunk,chunk_169430
chunk_169431,chunk,chunk_169431
chunk_169433,chunk,chunk_169433
chunk_169434,chunk,chunk_169434
chunk_169435,chunk,chunk_169435
chunk_169436,chunk,chunk_169436
chunk_169439,chunk,chunk_169439
chunk_169440,chunk,chunk_169440
chunk_169441,chunk,chunk_169441
chunk_169442,chunk,chunk_169442
chunk_169443,chunk,chunk_169443
chunk_169444,chunk,chunk_169444
chunk_169447,chunk,chunk_169447
chunk_169449,chunk,chunk_169449
chunk_169450,chunk,chunk_169450
chunk_169453,chunk,chunk_169453
chunk_169456,chunk,chunk_169456
chunk_169457,chunk,chunk_169457
chunk_169458,chunk,chunk_169458
chunk_169459,chunk,chunk_169459
chunk_169460,chunk,chunk_169460
chunk_169462,chunk,chunk_169462
chunk_169463,chunk,chunk_169463
chunk_169464,chunk,chunk_169464
chunk_169465,chunk,chunk_169465
chunk_169466,chunk,chunk_169466
chunk_169467,chunk,chunk_169467
chunk_169469,chunk,chunk_169469
chunk_169470,chunk,chunk_169470
chunk_169471,chunk,chunk_169471
chunk_169473,chunk,chunk_169473
chunk_169474,chunk,chunk_169474
chunk_169476,chunk,chunk_169476
chunk_169479,chunk,chunk_169479
chunk_169480,chunk,chunk_169480
chunk_169481,chunk,chunk_169481
chunk_169482,chunk,chunk_169482
chunk_169483,chunk,chunk_169483
chunk_169484,chunk,chunk_169484
chunk_169485,chunk,chunk_169485
chunk_169486,chunk,chunk_169486
chunk_169488,chunk,chunk_169488
chunk_169491,chunk,chunk_169491
chunk_169492,chunk,chunk_169492
chunk_169493,chunk,chunk_169493
chunk_169494,chunk,chunk_169494
chunk_169495,chunk,chunk_169495
chunk_169497,chunk,chunk_169497
chunk_169498,chunk,chunk_169498
chunk_169500,chunk,chunk_169500
chunk_169501,chunk,chunk_169501
chunk_169502,chunk,chunk_169502
chunk_169504,chunk,chunk_169504
chunk_169505,chunk,chunk_169505
chunk_169506,chunk,chunk_169506
chunk_169509,chunk,chunk_169509
chunk_169511,chunk,chunk_169511
chunk_169512,chunk,chunk_169512
chunk_169513,chunk,chunk_169513
chunk_169514,chunk,chunk_169514
chunk_169516,chunk,chunk_169516
chunk_169518,chunk,chunk_169518
chunk_169519,chunk,chunk_169519
chunk_169521,chunk,chunk_169521
chunk_169522,chunk,chunk_169522
chunk_169523,chunk,chunk_169523
chunk_169524,chunk,chunk_169524
chunk_169526,chunk,chunk_169526
chunk_169527,chunk,chunk_169527
chunk_169528,chunk,chunk_169528
chunk_169529,chunk,chunk_169529
chunk_169530,chunk,chunk_169530
chunk_169531,chunk,chunk_169531
chunk_169532,chunk,chunk_169532
chunk_169533,chunk,chunk_169533
chunk_169534,chunk,chunk_169534
chunk_169535,chunk,chunk_169535
chunk_169536,chunk,chunk_169536
chunk_169537,chunk,chunk_169537
chunk_169538,chunk,chunk_169538
chunk_169539,chunk,chunk_169539
chunk_169540,chunk,chunk_169540
chunk_169541,chunk,chunk_169541
chunk_169542,chunk,chunk_169542
chunk_169544,chunk,chunk_169544
chunk_169545,chunk,chunk_169545
chunk_169546,chunk,chunk_169546
chunk_169549,chunk,chunk_169549
chunk_169550,chunk,chunk_169550
chunk_169551,chunk,chunk_169551
chunk_169552,chunk,chunk_169552
chunk_169553,chunk,chunk_169553
chunk_169554,chunk,chunk_169554
chunk_169555,chunk,chunk_169555
chunk_169556,chunk,chunk_169556
chunk_169557,chunk,chunk_169557
chunk_169558,chunk,chunk_169558
chunk_169559,chunk,chunk_169559
chunk_169561,chunk,chunk_169561
chunk_169568,chunk,chunk_169568
chunk_169578,chunk,chunk_169578
chunk_169581,chunk,chunk_169581
chunk_169588,chunk,chunk_169588
chunk_169589,chunk,chunk_169589
chunk_169590,chunk,chunk_169590
chunk_169591,chunk,chunk_169591
chunk_169593,chunk,chunk_169593
chunk_169594,chunk,chunk_169594
chunk_169595,chunk,chunk_169595
chunk_169596,chunk,chunk_169596
chunk_169597,chunk,chunk_169597
chunk_169598,chunk,chunk_169598
chunk_169600,chunk,chunk_169600
chunk_169603,chunk,chunk_169603
chunk_169605,chunk,chunk_169605
chunk_169606,chunk,chunk_169606
chunk_169608,chunk,chunk_169608
chunk_169609,chunk,chunk_169609
chunk_169610,chunk,chunk_169610
chunk_169611,chunk,chunk_169611
chunk_169612,chunk,chunk_169612
chunk_169613,chunk,chunk_169613
chunk_169614,chunk,chunk_169614
chunk_169616,chunk,chunk_169616
chunk_169618,chunk,chunk_169618
chunk_169623,chunk,chunk_169623
chunk_169625,chunk,chunk_169625
chunk_169627,chunk,chunk_169627
chunk_169628,chunk,chunk_169628
chunk_169630,chunk,chunk_169630
chunk_169632,chunk,chunk_169632
chunk_169633,chunk,chunk_169633
chunk_169635,chunk,chunk_169635
chunk_169639,chunk,chunk_169639
chunk_169643,chunk,chunk_169643
chunk_169644,chunk,chunk_169644
chunk_169645,chunk,chunk_169645
chunk_169646,chunk,chunk_169646
chunk_169647,chunk,chunk_169647
chunk_169648,chunk,chunk_169648
chunk_169649,chunk,chunk_169649
chunk_169650,chunk,chunk_169650
chunk_169654,chunk,chunk_169654
chunk_169655,chunk,chunk_169655
chunk_169657,chunk,chunk_169657
chunk_169658,chunk,chunk_169658
chunk_169659,chunk,chunk_169659
chunk_169660,chunk,chunk_169660
chunk_169661,chunk,chunk_169661
chunk_169662,chunk,chunk_169662
chunk_169665,chunk,chunk_169665
chunk_169666,chunk,chunk_169666
chunk_169667,chunk,chunk_169667
chunk_169669,chunk,chunk_169669
chunk_169670,chunk,chunk_169670
chunk_169675,chunk,chunk_169675
chunk_169676,chunk,chunk_169676
chunk_169677,chunk,chunk_169677
chunk_169683,chunk,chunk_169683
chunk_169684,chunk,chunk_169684
chunk_169685,chunk,chunk_169685
chunk_169686,chunk,chunk_169686
chunk_169688,chunk,chunk_169688
chunk_169689,chunk,chunk_169689
chunk_169690,chunk,chunk_169690
chunk_169691,chunk,chunk_169691
chunk_169692,chunk,chunk_169692
chunk_169693,chunk,chunk_169693
chunk_169694,chunk,chunk_169694
chunk_169695,chunk,chunk_169695
chunk_169696,chunk,chunk_169696
chunk_169697,chunk,chunk_169697
chunk_169698,chunk,chunk_169698
chunk_169699,chunk,chunk_169699
chunk_169701,chunk,chunk_169701
chunk_169702,chunk,chunk_169702
chunk_169704,chunk,chunk_169704
chunk_169705,chunk,chunk_169705
chunk_169706,chunk,chunk_169706
chunk_169707,chunk,chunk_169707
chunk_169708,chunk,chunk_169708
chunk_169709,chunk,chunk_169709
chunk_169710,chunk,chunk_169710
chunk_169711,chunk,chunk_169711
chunk_169712,chunk,chunk_169712
chunk_169713,chunk,chunk_169713
chunk_169714,chunk,chunk_169714
chunk_169715,chunk,chunk_169715
chunk_169716,chunk,chunk_169716
chunk_169717,chunk,chunk_169717
chunk_169718,chunk,chunk_169718
chunk_169719,chunk,chunk_169719
chunk_169720,chunk,chunk_169720
chunk_169721,chunk,chunk_169721
chunk_169722,chunk,chunk_169722
chunk_169723,chunk,chunk_169723
chunk_169724,chunk,chunk_169724
chunk_169726,chunk,chunk_169726
chunk_169727,chunk,chunk_169727
chunk_169729,chunk,chunk_169729
chunk_169730,chunk,chunk_169730
chunk_169731,chunk,chunk_169731
chunk_169732,chunk,chunk_169732
chunk_169733,chunk,chunk_169733
chunk_169734,chunk,chunk_169734
chunk_169735,chunk,chunk_169735
chunk_169736,chunk,chunk_169736
chunk_169737,chunk,chunk_169737
chunk_169738,chunk,chunk_169738
chunk_169739,chunk,chunk_169739
chunk_169740,chunk,chunk_169740
chunk_169741,chunk,chunk_169741
chunk_169742,chunk,chunk_169742
chunk_169743,chunk,chunk_169743
chunk_169744,chunk,chunk_169744
chunk_169745,chunk,chunk_169745
chunk_169746,chunk,chunk_169746
chunk_169747,chunk,chunk_169747
chunk_169748,chunk,chunk_169748
chunk_169749,chunk,chunk_169749
chunk_169751,chunk,chunk_169751
chunk_169752,chunk,chunk_169752
chunk_169753,chunk,chunk_169753
chunk_169754,chunk,chunk_169754
chunk_169755,chunk,chunk_169755
chunk_169756,chunk,chunk_169756
chunk_169758,chunk,chunk_169758
chunk_169759,chunk,chunk_169759
chunk_169760,chunk,chunk_169760
chunk_169761,chunk,chunk_169761
chunk_169762,chunk,chunk_169762
chunk_169763,chunk,chunk_169763
chunk_169765,chunk,chunk_169765
chunk_169767,chunk,chunk_169767
chunk_169769,chunk,chunk_169769
chunk_169770,chunk,chunk_169770
chunk_169771,chunk,chunk_169771
chunk_169773,chunk,chunk_169773
chunk_169774,chunk,chunk_169774
chunk_169775,chunk,chunk_169775
chunk_169776,chunk,chunk_169776
chunk_169777,chunk,chunk_169777
chunk_169778,chunk,chunk_169778
chunk_169779,chunk,chunk_169779
chunk_169780,chunk,chunk_169780
chunk_169781,chunk,chunk_169781
chunk_169782,chunk,chunk_169782
chunk_169783,chunk,chunk_169783
chunk_169784,chunk,chunk_169784
chunk_169785,chunk,chunk_169785
chunk_169786,chunk,chunk_169786
chunk_169787,chunk,chunk_169787
chunk_169788,chunk,chunk_169788
chunk_169789,chunk,chunk_169789
chunk_169790,chunk,chunk_169790
chunk_169791,chunk,chunk_169791
chunk_169792,chunk,chunk_169792
chunk_169793,chunk,chunk_169793
chunk_169794,chunk,chunk_169794
chunk_169795,chunk,chunk_169795
chunk_169796,chunk,chunk_169796
chunk_169797,chunk,chunk_169797
chunk_169799,chunk,chunk_169799
chunk_169800,chunk,chunk_169800
chunk_169801,chunk,chunk_169801
chunk_169802,chunk,chunk_169802
chunk_169803,chunk,chunk_169803
chunk_169804,chunk,chunk_169804
chunk_169805,chunk,chunk_169805
chunk_169806,chunk,chunk_169806
chunk_169807,chunk,chunk_169807
chunk_169808,chunk,chunk_169808
chunk_169809,chunk,chunk_169809
chunk_169810,chunk,chunk_169810
chunk_169811,chunk,chunk_169811
chunk_169812,chunk,chunk_169812
chunk_169814,chunk,chunk_169814
chunk_169815,chunk,chunk_169815
chunk_169816,chunk,chunk_169816
chunk_169817,chunk,chunk_169817
chunk_169818,chunk,chunk_169818
chunk_169819,chunk,chunk_169819
chunk_169820,chunk,chunk_169820
chunk_169821,chunk,chunk_169821
chunk_169822,chunk,chunk_169822
chunk_169823,chunk,chunk_169823
chunk_169824,chunk,chunk_169824
chunk_169825,chunk,chunk_169825
chunk_169826,chunk,chunk_169826
chunk_169827,chunk,chunk_169827
chunk_169828,chunk,chunk_169828
chunk_169829,chunk,chunk_169829
chunk_169830,chunk,chunk_169830
chunk_169831,chunk,chunk_169831
chunk_169832,chunk,chunk_169832
chunk_169833,chunk,chunk_169833
chunk_169834,chunk,chunk_169834
chunk_169835,chunk,chunk_169835
chunk_169836,chunk,chunk_169836
chunk_169837,chunk,chunk_169837
chunk_169838,chunk,chunk_169838
chunk_169839,chunk,chunk_169839
chunk_169840,chunk,chunk_169840
chunk_169841,chunk,chunk_169841
chunk_169842,chunk,chunk_169842
chunk_169843,chunk,chunk_169843
chunk_169844,chunk,chunk_169844
chunk_169845,chunk,chunk_169845
chunk_169846,chunk,chunk_169846
chunk_169847,chunk,chunk_169847
chunk_169848,chunk,chunk_169848
chunk_169849,chunk,chunk_169849
chunk_169850,chunk,chunk_169850
chunk_169851,chunk,chunk_169851
chunk_169852,chunk,chunk_169852
chunk_169854,chunk,chunk_169854
chunk_169855,chunk,chunk_169855
chunk_169856,chunk,chunk_169856
chunk_169857,chunk,chunk_169857
chunk_169858,chunk,chunk_169858
chunk_169859,chunk,chunk_169859
chunk_169860,chunk,chunk_169860
chunk_169861,chunk,chunk_169861
chunk_169862,chunk,chunk_169862
chunk_169863,chunk,chunk_169863
chunk_169864,chunk,chunk_169864
chunk_169865,chunk,chunk_169865
chunk_169866,chunk,chunk_169866
chunk_169868,chunk,chunk_169868
chunk_169869,chunk,chunk_169869
chunk_169870,chunk,chunk_169870
chunk_169873,chunk,chunk_169873
chunk_169874,chunk,chunk_169874
chunk_169876,chunk,chunk_169876
chunk_169877,chunk,chunk_169877
chunk_169878,chunk,chunk_169878
chunk_169879,chunk,chunk_169879
chunk_169880,chunk,chunk_169880
chunk_169881,chunk,chunk_169881
chunk_169882,chunk,chunk_169882
chunk_169883,chunk,chunk_169883
chunk_169885,chunk,chunk_169885
chunk_169886,chunk,chunk_169886
chunk_169887,chunk,chunk_169887
chunk_169888,chunk,chunk_169888
chunk_169889,chunk,chunk_169889
chunk_169890,chunk,chunk_169890
chunk_169891,chunk,chunk_169891
chunk_169892,chunk,chunk_169892
chunk_169895,chunk,chunk_169895
chunk_169896,chunk,chunk_169896
chunk_169897,chunk,chunk_169897
chunk_169898,chunk,chunk_169898
chunk_169899,chunk,chunk_169899
chunk_169900,chunk,chunk_169900
chunk_169901,chunk,chunk_169901
chunk_169902,chunk,chunk_169902
chunk_169903,chunk,chunk_169903
chunk_169904,chunk,chunk_169904
chunk_169905,chunk,chunk_169905
chunk_169906,chunk,chunk_169906
chunk_169907,chunk,chunk_169907
chunk_169908,chunk,chunk_169908
chunk_169909,chunk,chunk_169909
chunk_169910,chunk,chunk_169910
chunk_169911,chunk,chunk_169911
chunk_169913,chunk,chunk_169913
chunk_169915,chunk,chunk_169915
chunk_169917,chunk,chunk_169917
chunk_169919,chunk,chunk_169919
chunk_169921,chunk,chunk_169921
chunk_169923,chunk,chunk_169923
chunk_169924,chunk,chunk_169924
chunk_169925,chunk,chunk_169925
chunk_169926,chunk,chunk_169926
chunk_169927,chunk,chunk_169927
chunk_169928,chunk,chunk_169928
chunk_169929,chunk,chunk_169929
chunk_169930,chunk,chunk_169930
chunk_169931,chunk,chunk_169931
chunk_169932,chunk,chunk_169932
chunk_169933,chunk,chunk_169933
chunk_169934,chunk,chunk_169934
chunk_169935,chunk,chunk_169935
chunk_169936,chunk,chunk_169936
chunk_169937,chunk,chunk_169937
chunk_169938,chunk,chunk_169938
chunk_169939,chunk,chunk_169939
chunk_169940,chunk,chunk_169940
chunk_169941,chunk,chunk_169941
chunk_169942,chunk,chunk_169942
chunk_169943,chunk,chunk_169943
chunk_169944,chunk,chunk_169944
chunk_169945,chunk,chunk_169945
chunk_169947,chunk,chunk_169947
chunk_169948,chunk,chunk_169948
chunk_169949,chunk,chunk_169949
chunk_169950,chunk,chunk_169950
chunk_169951,chunk,chunk_169951
chunk_169952,chunk,chunk_169952
chunk_169953,chunk,chunk_169953
chunk_169954,chunk,chunk_169954
chunk_169955,chunk,chunk_169955
chunk_169956,chunk,chunk_169956
chunk_169957,chunk,chunk_169957
chunk_169958,chunk,chunk_169958
chunk_169959,chunk,chunk_169959
chunk_169960,chunk,chunk_169960
chunk_169961,chunk,chunk_169961
chunk_169962,chunk,chunk_169962
chunk_169963,chunk,chunk_169963
chunk_169965,chunk,chunk_169965
chunk_169966,chunk,chunk_169966
chunk_169967,chunk,chunk_169967
chunk_169969,chunk,chunk_169969
chunk_169970,chunk,chunk_169970
chunk_169972,chunk,chunk_169972
chunk_169974,chunk,chunk_169974
chunk_169975,chunk,chunk_169975
chunk_169976,chunk,chunk_169976
chunk_169978,chunk,chunk_169978
chunk_169979,chunk,chunk_169979
chunk_169980,chunk,chunk_169980
chunk_169981,chunk,chunk_169981
chunk_169982,chunk,chunk_169982
chunk_169983,chunk,chunk_169983
chunk_169984,chunk,chunk_169984
chunk_169985,chunk,chunk_169985
chunk_169986,chunk,chunk_169986
chunk_169988,chunk,chunk_169988
chunk_169990,chunk,chunk_169990
chunk_169991,chunk,chunk_169991
chunk_169992,chunk,chunk_169992
chunk_169994,chunk,chunk_169994
chunk_169995,chunk,chunk_169995
chunk_169996,chunk,chunk_169996
chunk_169998,chunk,chunk_169998
chunk_170000,chunk,chunk_170000
chunk_170002,chunk,chunk_170002
chunk_170004,chunk,chunk_170004
chunk_170006,chunk,chunk_170006
chunk_170007,chunk,chunk_170007
chunk_170008,chunk,chunk_170008
chunk_170010,chunk,chunk_170010
chunk_170011,chunk,chunk_170011
chunk_170012,chunk,chunk_170012
chunk_170013,chunk,chunk_170013
chunk_170014,chunk,chunk_170014
chunk_170016,chunk,chunk_170016
chunk_170018,chunk,chunk_170018
chunk_170019,chunk,chunk_170019
chunk_170020,chunk,chunk_170020
chunk_170021,chunk,chunk_170021
chunk_170022,chunk,chunk_170022
chunk_170023,chunk,chunk_170023
chunk_170024,chunk,chunk_170024
chunk_170025,chunk,chunk_170025
chunk_170026,chunk,chunk_170026
chunk_170027,chunk,chunk_170027
chunk_170028,chunk,chunk_170028
chunk_170029,chunk,chunk_170029
chunk_170030,chunk,chunk_170030
chunk_170031,chunk,chunk_170031
chunk_170032,chunk,chunk_170032
chunk_170033,chunk,chunk_170033
chunk_170034,chunk,chunk_170034
chunk_170036,chunk,chunk_170036
chunk_170037,chunk,chunk_170037
chunk_170038,chunk,chunk_170038
chunk_170040,chunk,chunk_170040
chunk_170042,chunk,chunk_170042
chunk_170043,chunk,chunk_170043
chunk_170044,chunk,chunk_170044
chunk_170045,chunk,chunk_170045
chunk_170046,chunk,chunk_170046
chunk_170047,chunk,chunk_170047
chunk_170048,chunk,chunk_170048
chunk_170050,chunk,chunk_170050
chunk_170051,chunk,chunk_170051
chunk_170052,chunk,chunk_170052
chunk_170054,chunk,chunk_170054
chunk_170055,chunk,chunk_170055
chunk_170056,chunk,chunk_170056
chunk_170058,chunk,chunk_170058
chunk_170059,chunk,chunk_170059
chunk_170060,chunk,chunk_170060
chunk_170062,chunk,chunk_170062
chunk_170064,chunk,chunk_170064
chunk_170066,chunk,chunk_170066
chunk_170067,chunk,chunk_170067
chunk_170068,chunk,chunk_170068
chunk_170069,chunk,chunk_170069
chunk_170070,chunk,chunk_170070
chunk_170071,chunk,chunk_170071
chunk_170072,chunk,chunk_170072
chunk_170073,chunk,chunk_170073
chunk_170074,chunk,chunk_170074
chunk_170075,chunk,chunk_170075
chunk_170076,chunk,chunk_170076
chunk_170078,chunk,chunk_170078
chunk_170079,chunk,chunk_170079
chunk_170080,chunk,chunk_170080
chunk_170081,chunk,chunk_170081
chunk_170082,chunk,chunk_170082
chunk_170083,chunk,chunk_170083
chunk_170084,chunk,chunk_170084
chunk_170086,chunk,chunk_170086
chunk_170088,chunk,chunk_170088
chunk_170090,chunk,chunk_170090
chunk_170091,chunk,chunk_170091
chunk_170092,chunk,chunk_170092
chunk_170094,chunk,chunk_170094
chunk_170096,chunk,chunk_170096
chunk_170098,chunk,chunk_170098
chunk_170100,chunk,chunk_170100
chunk_170102,chunk,chunk_170102
chunk_170103,chunk,chunk_170103
chunk_170104,chunk,chunk_170104
chunk_170106,chunk,chunk_170106
chunk_170107,chunk,chunk_170107
chunk_170108,chunk,chunk_170108
chunk_170109,chunk,chunk_170109
chunk_170111,chunk,chunk_170111
chunk_170113,chunk,chunk_170113
chunk_170115,chunk,chunk_170115
chunk_170121,chunk,chunk_170121
chunk_170126,chunk,chunk_170126
chunk_170128,chunk,chunk_170128
chunk_170130,chunk,chunk_170130
chunk_170131,chunk,chunk_170131
creat_Ash,creat,Ash
creat_berry,creat,Berry
creat_huana,creat,Huana
creat_little_bear,creat,Little Bear
creat_pet,creat,Pet
faction_burzath,faction,Burzath
faction_foreclaimers,faction,Foreclaimers
faction_halverin,faction,Halverin’s Guard
faction_hands,faction,Hands of Liamassa
faction_ilguz,faction,Ilguz
faction_jackals,faction,Jackals
faction_krach-ul,faction,Krach-ul
faction_michaeline,faction,Michaelines
faction_modrons,faction,Modrons
faction_remedy,faction,Arimid’s Remedy
faction_sleepsong,faction,Sleepsong
faction_spencer,faction,Spencer
faction_thieves_guild,faction,Thieves Guild
faction_tolanites,faction,Tolanites
org_academy,org,Elysia Academy
org_arcana,org,Arcana
org_iwtc,org,IWTC
org_king,org,King
org_kirchefyre,org,Kirchefyr Temple
org_myconids,org,Myconids
org_party,org,Party
org_ravencrest,org,Ravencrest
org_spire,org,Spire
org_wolfstream,org,Wolfstream Abbey
file:_local/pbp_transcripts/PbP10 - The Second Camp.md,pbp_transcripts,_local/pbp_transcripts/PbP10 - The Second Camp.md
file:_local/pbp_transcripts/PbP11 - Lia and the Tolanites.md,pbp_transcripts,_local/pbp_transcripts/PbP11 - Lia and the Tolanites.md
file:_local/pbp_transcripts/PbP12 - Meeting in the Vestry.md,pbp_transcripts,_local/pbp_transcripts/PbP12 - Meeting in the Vestry.md
file:_local/pbp_transcripts/PbP13 - The Town Square Incident.md,pbp_transcripts,_local/pbp_transcripts/PbP13 - The Town Square Incident.md
file:_local/pbp_transcripts/PbP14 - Recon.md,pbp_transcripts,_local/pbp_transcripts/PbP14 - Recon.md
file:_local/pbp_transcripts/PbP15 - Debrief and Safety.md,pbp_transcripts,_local/pbp_transcripts/PbP15 - Debrief and Safety.md
file:_local/pbp_transcripts/PbP16 - Nightfall in Elysia.md,pbp_transcripts,_local/pbp_transcripts/PbP16 - Nightfall in Elysia.md
file:_local/pbp_transcripts/PbP17 - Night Meetings.md,pbp_transcripts,_local/pbp_transcripts/PbP17 - Night Meetings.md
file:_local/pbp_transcripts/PbP18 - TBD.md,pbp_transcripts,_local/pbp_transcripts/PbP18 - TBD.md
person_alivyre,person,Alivyre Dawntracker
person_aniya,person,Aniya Laccion
person_aren,person,Aren
person_arthur,person,Arthur Coldstone
person_avarna,person,Avarna
person_azaar,person,Azaar
person_baltael,person,Baltael
person_bear,person,Bear
person_bella,person,Bella
person_beni,person,Beni Tinkerlaugh
person_bixley,person,Bixley
person_bloodaxe,person,Ungagh Bloodaxe
person_braydon,person,Braydon
person_bre,person,Breanna Arch
person_brigitte,person,Brigitte Ware
person_caldwell,person,Selis Caldwell
person_cara,person,Cara Windsoul
person_cergad,person,Cergad
person_chuck,person,Chuck
person_clara,person,Clara
person_claw,person,Claw of Ironfang
person_connor,person,Connor
person_credus,person,Credus
person_cullen,person,Alister Cullen
person_cunai,person,Cunai la Diara
person_cursin,person,Cursin Helmaid
person_dakgorim,person,Dakgorim
person_darren,person,Darren Moore
person_david_bowie,person,David Bowie
person_david_herder,person,David Herder
person_draug,person,Draug
person_drib,person,Drib Gnoss
person_eardwulf,person,Eardwulf Harland
person_edda,person,Edda MacInnis
person_eghad,person,Eghad
person_eira,person,Eira Sleepsong
person_elaris,person,Elaris Thorne
person_elias,person,Elias Stormriver
person_emily,person,Emily Ashton
person_evaine,person,Evaine MacRorie Thuryn
person_faeryne,person,Faeryne
person_fenrir,person,Fenrir
person_fritz,person,Fritz
person_fulbert,person,Fulbert Highwell
person_garrick,person,Garrick
person_gina,person,Gina
person_grace,person,Grace Kinneon
person_hadar,person,Hadar
person_haldane,person,Anthony Haldane
person_hammer,person,Hammer of Ironfang
person_henry,person,Henry Sleepsong
person_holly,person,Holly
person_idolus,person,Idolus
person_jane,person,Jane
person_jemmy,person,Jemmy
person_joram,person,Joram MacRorie
person_kaedra,person,Kaedra
person_kaitlyn,person,Kaitlyn
person_katy,person,Katy
person_kavar,person,Kavar Protis
person_kir,person,Kir Selaz
person_kluta,person,Kluta
person_lia,person,Lia Fabriana
person_liacyne,person,Liacyne Heseth
person_liavarah,person,Liavarah
person_light,person,Light of Ironfang
person_loris,person,Edmund Loris
person_luminia,person,Luminia
person_macfeegle,person,MacFeegle
person_makhala,person,Makhala
person_melba,person,Melba Harland
person_mercy,person,Mercy Windriver
person_moon,person,Moon
person_mowser,person,Mowser
person_nala,person,Nala
person_newberry,person,Evan Newberry
person_norris,person,Norris
person_piers,person,Piers Ashton
person_poppy,person,Poppy Everhold
person_rhona,person,Rhona
person_rhys,person,Rhys Thuryn
person_ricardo,person,Ricardo Alcocer
person_ronric,person,Ronric
person_sala,person,Salaisha
person_saphira,person,Saphira Celestia
person_shadow,person,Shadow of Ironfang
person_shargaas,person,Shargaas
person_shworn,person,Shworn Sleepsong
person_soren,person,Soren
person_spike,person,Spike of Ironfang
person_tanzo,person,Tanzo
person_tawyn,person,Tawyn
person_terry,person,Terry
person_thorne,person,Aldren Thorne
person_tiber,person,Tiber Nox
person_todd,person,Todd
person_torchholder,person,Kama Torchholder
person_touya,person,Touya Akira
person_unala,person,Unala Vortoise
person_urgulk,person,Urgulk
person_victor,person,Victor D Evernight
person_vyssa,person,Vyssa
person_warhammer,person,Khagra Warhammer
person_zedna,person,Zedna Hresvelg
place_abbey,place,Wolfstream Abbey
place_blackburn,place,Blackburn
place_blackwood,place,Blackwood
place_brechin,place,Brechin
place_brightfields,place,Brightfields
place_cameth,place,Cameth Brin
place_cliffborough,place,Cliffborough
place_crafthold,place,Crafthold
place_dereham,place,Dereham
place_dhassa,place,Dhassa
place_druwen,place,Duchy of Druwen
place_elulind,place,Kingdom of Elulind
place_elysia,place,Elysia
place_elysian,place,Elysian
place_guldrur,place,Guldrur
place_jotunheim,place,Jotunheim Peaks
place_killeth,place,Killeth
place_monadh_mor,place,Monadh Mor
place_northbend,place,North Bend FOB
place_rarmal,place,Rarmal
place_stonehome,place,Stonehome
place_thurway,place,Thurway
place_tolan,place,Kingdom of Tolàn
place_torenth,place,Torenth
place_trollhills,place,Trollhills
place_tyson_crossing,place,Tyson Crossing
place_wolfstream,place,Wolfstream Village
file:_local/planning_notes/Allip Encounter Notes.md,planning_notes,_local/planning_notes/Allip Encounter Notes.md
file:_local/planning_notes/Elulind map descriptions.md,planning_notes,_local/planning_notes/Elulind map descriptions.md
file:_local/planning_notes/The Premature Pods Mystery.md,planning_notes,_local/planning_notes/The Premature Pods Mystery.md
file:_local/planning_notes/The Spencer Heir.md,planning_notes,_local/planning_notes/The Spencer Heir.md
file:_local/planning_notes/The Wolfstream Situation.md,planning_notes,_local/planning_notes/The Wolfstream Situation.md
file:_local/planning_notes/Victor’s Causal Chain.md,planning_notes,_local/planning_notes/Victor’s Causal Chain.md
file:_local/planning_notes/Who Knows What.md,planning_notes,_local/planning_notes/Who Knows What.md
file:_local/planning_notes/current_Dhassa staged narration.md,planning_notes,_local/planning_notes/current_Dhassa staged narration.md
file:_local/planning_notes/current_IWTC names.md,planning_notes,_local/planning_notes/current_IWTC names.md
file:_local/planning_notes/current_IWTC planning notes.md,planning_notes,_local/planning_notes/current_IWTC planning notes.md
file:_local/planning_notes/current_Kwalish.md,planning_notes,_local/planning_notes/current_Kwalish.md
player_bysickle,player,Bysickle
player_charis,player,Charis
player_crowe,player,Crowe
player_kalina,player,Kalina
player_lia,player,Lia Whitewolf
player_phil,player,Phil
player_remi,player,RemiDeBoi
player_scott,player,Scotty
player_spartan,player,Spartan
player_thon,player,Thonatmo
player_venric,player,Venric
player_vixie,player,VixieCake
ref_kwalish,ref,Kwalish
file:_local/session_notes/IWTC session notes 1-50.md,session_notes,_local/session_notes/IWTC session notes 1-50.md
file:_local/session_notes/IWTC session notes 101-150.md,session_notes,_local/session_notes/IWTC session notes 101-150.md
file:_local/session_notes/IWTC session notes 51-100.md,session_notes,_local/session_notes/IWTC session notes 51-100.md
file:_local/session_notes/Kavar notes.md,session_notes,_local/session_notes/Kavar notes.md
file:_local/session_notes/current_IWTC session notes.md,session_notes,_local/session_notes/current_IWTC session notes.md
vocab:abbey,vocab,Abbey
vocab:academy,vocab,Academy
vocab:albrun's folly,vocab,Albrun's Folly
vocab:aldren thorne,vocab,Aldren Thorne
vocab:alister,vocab,Alister
vocab:alister cullen,vocab,Alister Cullen
vocab:alivyre,vocab,Alivyre
vocab:alivyre dawntracker,vocab,Alivyre Dawntracker
vocab:aniya,vocab,Aniya
vocab:aniya laccion,vocab,Aniya Laccion
vocab:anthony,vocab,Anthony
vocab:anthony haldane,vocab,Anthony Haldane
vocab:arcana,vocab,Arcana
vocab:aren,vocab,Aren
vocab:arimid’s remedy,vocab,Arimid’s Remedy
vocab:arthur,vocab,Arthur
vocab:arthur coldstone,vocab,Arthur Coldstone
vocab:ash,vocab,Ash
vocab:avarna,vocab,Avarna
vocab:azaar,vocab,Azaar
vocab:baltael,vocab,Baltael
vocab:bear,vocab,Bear
vocab:bella,vocab,Bella
vocab:beni,vocab,Beni
vocab:beni tinkerlaugh,vocab,Beni Tinkerlaugh
vocab:berry,vocab,Berry
vocab:bixley,vocab,Bixley
vocab:blackburn,vocab,Blackburn
vocab:blackwood,vocab,Blackwood
vocab:bloodaxe,vocab,Bloodaxe
vocab:braydon,vocab,Braydon
vocab:bre,vocab,Bre
vocab:breanna arch,vocab,Breanna Arch
vocab:brechin,vocab,Brechin
vocab:brightfield,vocab,Brightfield
vocab:brightfields,vocab,Brightfields
vocab:brigitte,vocab,Brigitte
vocab:brigitte ware,vocab,Brigitte Ware
vocab:burzath,vocab,Burzath
vocab:bysickle,vocab,Bysickle
vocab:caldwell,vocab,Caldwell
vocab:cameth brin,vocab,Cameth Brin
vocab:cara,vocab,Cara
vocab:cara windsoul,vocab,Cara Windsoul
vocab:cergad,vocab,Cergad
vocab:charis,vocab,Charis
vocab:chuck,vocab,Chuck
vocab:clara,vocab,Clara
vocab:claw,vocab,Claw
vocab:claw of ironfang,vocab,Claw of Ironfang
vocab:cliffborough,vocab,Cliffborough
vocab:connor,vocab,Connor
vocab:crafthold,vocab,Crafthold
vocab:credus,vocab,Credus
vocab:crowe,vocab,Crowe
vocab:crowethedualityking,vocab,CroweTheDualityKing
vocab:cullen,vocab,Cullen
vocab:cunai,vocab,Cunai
vocab:cunai la diara,vocab,Cunai la Diara
vocab:cursin,vocab,Cursin
vocab:cursin helmaid,vocab,Cursin Helmaid
vocab:dakgorim,vocab,Dakgorim
vocab:darren,vocab,Darren
vocab:darren moore,vocab,Darren Moore
vocab:david bowie,vocab,David Bowie
vocab:david herder,vocab,David Herder
vocab:dereham,vocab,Dereham
vocab:dhassa,vocab,Dhassa
vocab:draug,vocab,Draug
vocab:drib,vocab,Drib
vocab:drib gnoss,vocab,Drib Gnoss
vocab:druwen,vocab,Druwen
vocab:duchy of druwen,vocab,Duchy of Druwen
vocab:eardwulf,vocab,Eardwulf
vocab:eardwulf harland,vocab,Eardwulf Harland
vocab:edda,vocab,Edda
vocab:edda macinnis,vocab,Edda MacInnis
vocab:edmund loris,vocab,Edmund Loris
vocab:eghad,vocab,Eghad
vocab:eira,vocab,Eira
vocab:eira sleepsong,vocab,Eira Sleepsong
vocab:elaris,vocab,Elaris
vocab:elaris thorne,vocab,Elaris Thorne
vocab:elias,vocab,Elias
vocab:elias stormriver,vocab,Elias Stormriver
vocab:elulind,vocab,Elulind
vocab:elysia,vocab,Elysia
vocab:elysia academy,vocab,Elysia Academy
vocab:elysian,vocab,Elysian
vocab:emily,vocab,Emily
vocab:emily ashton,vocab,Emily Ashton
vocab:evaine,vocab,Evaine
vocab:evaine macrorie thuryn,vocab,Evaine MacRorie Thuryn
vocab:evan newberry,vocab,Evan Newberry
vocab:faeryne,vocab,Faeryne
vocab:fenrir,vocab,Fenrir
vocab:folly,vocab,Folly
vocab:foreclaimers,vocab,Foreclaimers
vocab:fritz,vocab,Fritz
vocab:fulbert,vocab,Fulbert
vocab:fulbert highwell,vocab,Fulbert Highwell
vocab:garrick,vocab,Garrick
vocab:gina,vocab,Gina
vocab:glory,vocab,Glory
vocab:grace,vocab,Grace
vocab:grace kinneon,vocab,Grace Kinneon
vocab:guldrur,vocab,Guldrur
vocab:hadar,vocab,Hadar
vocab:halverin,vocab,Halverin
vocab:halverin’s guard,vocab,Halverin’s Guard
vocab:hammer,vocab,Hammer
vocab:hammer of ironfang,vocab,Hammer of Ironfang
vocab:hand,vocab,Hand
vocab:hands,vocab,Hands
vocab:hands of liamassa,vocab,Hands of Liamassa
vocab:henry,vocab,Henry
vocab:henry sleepsong,vocab,Henry Sleepsong
vocab:holly,vocab,Holly
vocab:huana,vocab,Huana
vocab:idolus,vocab,Idolus
vocab:ilguz,vocab,Ilguz
vocab:iris,vocab,IRIS
vocab:iwtc,vocab,IWTC
vocab:jackals,vocab,Jackals
vocab:jane,vocab,Jane
vocab:jemmy,vocab,Jemmy
vocab:joram,vocab,Joram
vocab:joram macrorie,vocab,Joram MacRorie
vocab:jotunheim,vocab,Jotunheim
vocab:jotunheim peaks,vocab,Jotunheim Peaks
vocab:kaedra,vocab,Kaedra
vocab:kaitlyn,vocab,Kaitlyn
vocab:kalina,vocab,Kalina
vocab:kalina hitana,vocab,Kalina Hitana
vocab:kama torchholder,vocab,Kama Torchholder
vocab:katy,vocab,Katy
vocab:kavar,vocab,Kavar
vocab:kavar protis,vocab,Kavar Protis
vocab:khagra warhammer,vocab,Khagra Warhammer
vocab:killeth,vocab,Killeth
vocab:king,vocab,King
vocab:kingdom of elulind,vocab,Kingdom of Elulind
vocab:kingdom of tolàn,vocab,Kingdom of Tolàn
vocab:kir,vocab,Kir
vocab:kir selaz,vocab,Kir Selaz
vocab:kirchefyr temple,vocab,Kirchefyr Temple
vocab:kluta,vocab,Kluta
vocab:krach-ul,vocab,Krach-ul
vocab:kwalish,vocab,Kwalish
vocab:lia,vocab,Lia
vocab:lia fabriana,vocab,Lia Fabriana
vocab:lia whitewolf,vocab,Lia Whitewolf
vocab:liacyne,vocab,Liacyne
vocab:liacyne heseth,vocab,Liacyne Heseth
vocab:liavarah,vocab,Liavarah
vocab:light,vocab,Light
vocab:light of ironfang,vocab,Light of Ironfang
vocab:little bear,vocab,Little Bear
vocab:loris,vocab,Loris
vocab:luminia,vocab,Luminia
vocab:macfeegle,vocab,MacFeegle
vocab:makhala,vocab,Makhala
vocab:melba,vocab,Melba
vocab:melba harland,vocab,Melba Harland
vocab:mercy,vocab,Mercy
vocab:mercy windriver,vocab,Mercy Windriver
vocab:michaelines,vocab,Michaelines
vocab:modrons,vocab,Modrons
vocab:monadh,vocab,Monadh
vocab:monadh mor,vocab,Monadh Mor
vocab:moon,vocab,Moon
vocab:mowser,vocab,Mowser
vocab:myconid,vocab,Myconid
vocab:myconids,vocab,Myconids
vocab:nala,vocab,Nala
vocab:newberry,vocab,Newberry
vocab:norris,vocab,Norris
vocab:north bend fob,vocab,North Bend FOB
vocab:party,vocab,Party
vocab:pet,vocab,Pet
vocab:phil,vocab,Phil
vocab:piers,vocab,Piers
vocab:piers ashton,vocab,Piers Ashton
vocab:poppy,vocab,Poppy
vocab:poppy everhold,vocab,Poppy Everhold
vocab:rarmal,vocab,Rarmal
vocab:ravencrest,vocab,Ravencrest
vocab:remedy,vocab,Remedy
vocab:remideboi,vocab,RemiDeBoi
vocab:rhona,vocab,Rhona
vocab:rhys,vocab,Rhys
vocab:rhys thuryn,vocab,Rhys Thuryn
vocab:ricardo,vocab,Ricardo
vocab:ricardo alcocer,vocab,Ricardo Alcocer
vocab:ronric,vocab,Ronric
vocab:sala,vocab,Sala
vocab:salaisha,vocab,Salaisha
vocab:saphira,vocab,Saphira
vocab:saphira celestia,vocab,Saphira Celestia
vocab:scotty,vocab,Scotty
vocab:selaz,vocab,Selaz
vocab:selis caldwell,vocab,Selis Caldwell
vocab:shadow of ironfang,vocab,Shadow of Ironfang
vocab:shadowboy,vocab,Shadowboy
vocab:shargaas,vocab,Shargaas
vocab:shworn,vocab,Shworn
vocab:shworn sleepsong,vocab,Shworn Sleepsong
vocab:sleepsong,vocab,Sleepsong
vocab:soren,vocab,Soren
vocab:spartan,vocab,Spartan
vocab:spencer,vocab,Spencer
vocab:spike,vocab,Spike
vocab:spike of ironfang,vocab,Spike of Ironfang
vocab:spire,vocab,Spire
vocab:stonehome,vocab,Stonehome
vocab:tanzo,vocab,Tanzo
vocab:tawyn,vocab,Tawyn
vocab:terry,vocab,Terry
vocab:thieves guild,vocab,Thieves Guild
vocab:thonatmo,vocab,Thonatmo
vocab:thurway,vocab,Thurway
vocab:tiber,vocab,Tiber
vocab:tiber nox,vocab,Tiber Nox
vocab:todd,vocab,Todd
vocab:tolan,vocab,Tolan
vocab:tolanite,vocab,Tolanite
vocab:tolanites,vocab,Tolanites
vocab:torchholder,vocab,Torchholder
vocab:torenth,vocab,Torenth
vocab:touya,vocab,Touya
vocab:touya akira,vocab,Touya Akira
vocab:trollhills,vocab,Trollhills
vocab:tyson crossing,vocab,Tyson Crossing
vocab:unala,vocab,Unala
vocab:unala vortoise,vocab,Unala Vortoise
vocab:unala's glory,vocab,Unala's Glory
vocab:ungagh,vocab,Ungagh
vocab:ungagh bloodaxe,vocab,Ungagh Bloodaxe
vocab:urgulk,vocab,Urgulk
vocab:varah,vocab,Varah
vocab:venric,vocab,Venric
vocab:victor,vocab,Victor
vocab:victor d evernight,vocab,Victor D Evernight
vocab:vixiecake,vocab,VixieCake
vocab:vyssa,vocab,Vyssa
vocab:warhammer,vocab,Warhammer
vocab:wolfstream,vocab,Wolfstream
vocab:wolfstream abbey,vocab,Wolfstream Abbey
vocab:wolfstream village,vocab,Wolfstream Village
vocab:zedna,vocab,Zedna
vocab:zedna hresvelg,vocab,Zedna Hresvelg
